posture,cursor_type,wide,mean_offset,std_offset,initial_contact_time,target_in_total_time,target_in_mean_time
STAND,EYE,LARGE,0.9734898294706659,0.5984574494115176,1.3172035833333366,1.3324319166666703,0.699549544378307
STAND,EYE,SMALL,1.0072099336255897,0.6511778409717657,0.7966480555555498,1.2718739166666646,0.8407325671296271
STAND,HEAD,LARGE,1.0405703088259874,0.6049788189297902,1.4382465277777758,1.0812016944444467,0.8423659166666693
STAND,HEAD,SMALL,1.0417043780037427,0.4621330250785946,1.0153156666666652,1.1845602500000045,0.7867227523148174
WALK,EYE,LARGE,3.3632428520562336,2.068656054086643,2.5537768000000085,0.4540376500000093,0.1292721845995623
WALK,EYE,SMALL,3.6859350348617728,2.690867809205796,1.620324187499996,0.6460167187500154,0.10310255830515584
WALK,HEAD,LARGE,4.656712745273256,2.6157543339215636,2.5483271111111145,0.29533422222220274,0.0968527046296236
WALK,HEAD,SMALL,5.123430365913392,3.1405566420573168,1.8822656499999908,0.33795254999997154,0.12455671583331926
